Target_ID,Target_Amount,Subset_Sum,Transaction_IDs
12.0,76797.78125,76798,"[32, 26, 20, 16, 6, 5, 3]"
13.0,72439.85938,72440,"[33, 32, 21, 20, 15, 14, 5]"
