Target_ID,Target_Amount,Transaction_ID,Amount,Description,Similarity_Score
10,20760.83984,33,21825.0,Customer opening,2664.1601599999995
11,24841.11914,33,21825.0,Customer opening,4616.119139999999
14,2002.079956,5,4302.0,Customer opening,3899.920044
15,4818.47998,6,4320.0,Customer opening,2098.47998
16,918423.0,68,919453.0,Customer opening,2630.0
17,9070.879883,14,8434.8,Customer opening,2236.0798830000003
18,23188.9707,33,21825.0,Customer opening,2963.9707000000017
