,Direct Matching Time (s),Fuzzy Matching Time (s),Direct Matching Accuracy,Fuzzy Matching Accuracy
50,0.02775087356567383,0.2559769630432129,0.52,0.48
100,0.06890144348144531,1.0229053020477294,0.5,0.5
200,0.1089414119720459,4.084166383743286,0.502,0.5
500,0.3420723438262939,22.710065031051634,0.5008,0.5
1000,0.39524126052856445,81.54116311073304,0.5004,0.5
