,Brute Force Time (s),Dynamic Programming Time (s),Genetic Algorithm Time (s),Brute Force Accuracy,Dynamic Programming Accuracy,Genetic Algorithm Accuracy
5,0.00020775794982910156,0.0,0.05697169303894043,1.0,1.0,1.0
10,0.0006000041961669922,0.003315639495849609,0.06820306777954102,0.0,1.0,1.0
15,3.142356872558594e-05,0.004882669448852539,0.06809434890747071,0.0,1.0,1.0
20,0.00043239593505859373,0.010464143753051759,0.0739058017730713,0.0,1.0,1.0
25,0.001655244827270508,0.018297719955444335,0.0801887035369873,0.0,1.0,1.0
