Target_ID,Target_Amount,Subset_Sum,Transaction_IDs
10.0,20760.83984,20760.84,[4584]
14.0,2002.079956,2002.08,[4696]
15.0,4818.47998,4818.48,[4695]
17.0,9070.879883,9070.88,[4875]
18.0,23188.9707,23188.97,[4765]
47.0,1500000.0,1500000.0,[4303]
